nombre,correo
Empleado Prueba 0001,empleado0001@example.com
Empleado Prueba 0002,empleado0002@example.com
Empleado Prueba 0003,empleado0003@example.com
Empleado Prueba 0004,empleado0004@example.com
Empleado Prueba 0005,empleado0005@example.com
Empleado Prueba 0006,empleado0006@example.com
Empleado Prueba 0007,empleado0007@example.com
Empleado Prueba 0008,empleado0008@example.com
Empleado Prueba 0009,empleado0009@example.com
Empleado Prueba 0010,empleado0010@example.com
Empleado Prueba 0011,empleado0011@example.com
Empleado Prueba 0012,empleado0012@example.com
Empleado Prueba 0013,empleado0013@example.com
Empleado Prueba 0014,empleado0014@example.com
Empleado Prueba 0015,empleado0015@example.com
Empleado Prueba 0016,empleado0016@example.com
Empleado Prueba 0017,empleado0017@example.com
Empleado Prueba 0018,empleado0018@example.com
Empleado Prueba 0019,empleado0019@example.com
Empleado Prueba 0020,empleado0020@example.com
Empleado Prueba 0021,empleado0021@example.com
Empleado Prueba 0022,empleado0022@example.com
Empleado Prueba 0023,empleado0023@example.com
Empleado Prueba 0024,empleado0024@example.com
Empleado Prueba 0025,empleado0025@example.com
Empleado Prueba 0026,empleado0026@example.com
Empleado Prueba 0027,empleado0027@example.com
Empleado Prueba 0028,empleado0028@example.com
Empleado Prueba 0029,empleado0029@example.com
Empleado Prueba 0030,empleado0030@example.com
Empleado Prueba 0031,empleado0031@example.com
Empleado Prueba 0032,empleado0032@example.com
Empleado Prueba 0033,empleado0033@example.com
Empleado Prueba 0034,empleado0034@example.com
Empleado Prueba 0035,empleado0035@example.com
Empleado Prueba 0036,empleado0036@example.com
Empleado Prueba 0037,empleado0037@example.com
Empleado Prueba 0038,empleado0038@example.com
Empleado Prueba 0039,empleado0039@example.com
Empleado Prueba 0040,empleado0040@example.com
Empleado Prueba 0041,empleado0041@example.com
Empleado Prueba 0042,empleado0042@example.com
Empleado Prueba 0043,empleado0043@example.com
Empleado Prueba 0044,empleado0044@example.com
Empleado Prueba 0045,empleado0045@example.com
Empleado Prueba 0046,empleado0046@example.com
Empleado Prueba 0047,empleado0047@example.com
Empleado Prueba 0048,empleado0048@example.com
Empleado Prueba 0049,empleado0049@example.com
Empleado Prueba 0050,empleado0050@example.com
Empleado Prueba 0051,empleado0051@example.com
Empleado Prueba 0052,empleado0052@example.com
Empleado Prueba 0053,empleado0053@example.com
Empleado Prueba 0054,empleado0054@example.com
Empleado Prueba 0055,empleado0055@example.com
Empleado Prueba 0056,empleado0056@example.com
Empleado Prueba 0057,empleado0057@example.com
Empleado Prueba 0058,empleado0058@example.com
Empleado Prueba 0059,empleado0059@example.com
Empleado Prueba 0060,empleado0060@example.com
Empleado Prueba 0061,empleado0061@example.com
Empleado Prueba 0062,empleado0062@example.com
Empleado Prueba 0063,empleado0063@example.com
Empleado Prueba 0064,empleado0064@example.com
Empleado Prueba 0065,empleado0065@example.com
Empleado Prueba 0066,empleado0066@example.com
Empleado Prueba 0067,empleado0067@example.com
Empleado Prueba 0068,empleado0068@example.com
Empleado Prueba 0069,empleado0069@example.com
Empleado Prueba 0070,empleado0070@example.com
Empleado Prueba 0071,empleado0071@example.com
Empleado Prueba 0072,empleado0072@example.com
Empleado Prueba 0073,empleado0073@example.com
Empleado Prueba 0074,empleado0074@example.com
Empleado Prueba 0075,empleado0075@example.com
Empleado Prueba 0076,empleado0076@example.com
Empleado Prueba 0077,empleado0077@example.com
Empleado Prueba 0078,empleado0078@example.com
Empleado Prueba 0079,empleado0079@example.com
Empleado Prueba 0080,empleado0080@example.com
Empleado Prueba 0081,empleado0081@example.com
Empleado Prueba 0082,empleado0082@example.com
Empleado Prueba 0083,empleado0083@example.com
Empleado Prueba 0084,empleado0084@example.com
Empleado Prueba 0085,empleado0085@example.com
Empleado Prueba 0086,empleado0086@example.com
Empleado Prueba 0087,empleado0087@example.com
Empleado Prueba 0088,empleado0088@example.com
Empleado Prueba 0089,empleado0089@example.com
Empleado Prueba 0090,empleado0090@example.com
Empleado Prueba 0091,empleado0091@example.com
Empleado Prueba 0092,empleado0092@example.com
Empleado Prueba 0093,empleado0093@example.com
Empleado Prueba 0094,empleado0094@example.com
Empleado Prueba 0095,empleado0095@example.com
Empleado Prueba 0096,empleado0096@example.com
Empleado Prueba 0097,empleado0097@example.com
Empleado Prueba 0098,empleado0098@example.com
Empleado Prueba 0099,empleado0099@example.com
Empleado Prueba 0100,empleado0100@example.com
Empleado Prueba 0101,empleado0101@example.com
Empleado Prueba 0102,empleado0102@example.com
Empleado Prueba 0103,empleado0103@example.com
Empleado Prueba 0104,empleado0104@example.com
Empleado Prueba 0105,empleado0105@example.com
Empleado Prueba 0106,empleado0106@example.com
Empleado Prueba 0107,empleado0107@example.com
Empleado Prueba 0108,empleado0108@example.com
Empleado Prueba 0109,empleado0109@example.com
Empleado Prueba 0110,empleado0110@example.com
Empleado Prueba 0111,empleado0111@example.com
Empleado Prueba 0112,empleado0112@example.com
Empleado Prueba 0113,empleado0113@example.com
Empleado Prueba 0114,empleado0114@example.com
Empleado Prueba 0115,empleado0115@example.com
Empleado Prueba 0116,empleado0116@example.com
Empleado Prueba 0117,empleado0117@example.com
Empleado Prueba 0118,empleado0118@example.com
Empleado Prueba 0119,empleado0119@example.com
Empleado Prueba 0120,empleado0120@example.com
Empleado Prueba 0121,empleado0121@example.com
Empleado Prueba 0122,empleado0122@example.com
Empleado Prueba 0123,empleado0123@example.com
Empleado Prueba 0124,empleado0124@example.com
Empleado Prueba 0125,empleado0125@example.com
Empleado Prueba 0126,empleado0126@example.com
Empleado Prueba 0127,empleado0127@example.com
Empleado Prueba 0128,empleado0128@example.com
Empleado Prueba 0129,empleado0129@example.com
Empleado Prueba 0130,empleado0130@example.com
Empleado Prueba 0131,empleado0131@example.com
Empleado Prueba 0132,empleado0132@example.com
Empleado Prueba 0133,empleado0133@example.com
Empleado Prueba 0134,empleado0134@example.com
Empleado Prueba 0135,empleado0135@example.com
Empleado Prueba 0136,empleado0136@example.com
Empleado Prueba 0137,empleado0137@example.com
Empleado Prueba 0138,empleado0138@example.com
Empleado Prueba 0139,empleado0139@example.com
Empleado Prueba 0140,empleado0140@example.com
Empleado Prueba 0141,empleado0141@example.com
Empleado Prueba 0142,empleado0142@example.com
Empleado Prueba 0143,empleado0143@example.com
Empleado Prueba 0144,empleado0144@example.com
Empleado Prueba 0145,empleado0145@example.com
Empleado Prueba 0146,empleado0146@example.com
Empleado Prueba 0147,empleado0147@example.com
Empleado Prueba 0148,empleado0148@example.com
Empleado Prueba 0149,empleado0149@example.com
Empleado Prueba 0150,empleado0150@example.com
Empleado Prueba 0151,empleado0151@example.com
Empleado Prueba 0152,empleado0152@example.com
Empleado Prueba 0153,empleado0153@example.com
Empleado Prueba 0154,empleado0154@example.com
Empleado Prueba 0155,empleado0155@example.com
Empleado Prueba 0156,empleado0156@example.com
Empleado Prueba 0157,empleado0157@example.com
Empleado Prueba 0158,empleado0158@example.com
Empleado Prueba 0159,empleado0159@example.com
Empleado Prueba 0160,empleado0160@example.com
Empleado Prueba 0161,empleado0161@example.com
Empleado Prueba 0162,empleado0162@example.com
Empleado Prueba 0163,empleado0163@example.com
Empleado Prueba 0164,empleado0164@example.com
Empleado Prueba 0165,empleado0165@example.com
Empleado Prueba 0166,empleado0166@example.com
Empleado Prueba 0167,empleado0167@example.com
Empleado Prueba 0168,empleado0168@example.com
Empleado Prueba 0169,empleado0169@example.com
Empleado Prueba 0170,empleado0170@example.com
Empleado Prueba 0171,empleado0171@example.com
Empleado Prueba 0172,empleado0172@example.com
Empleado Prueba 0173,empleado0173@example.com
Empleado Prueba 0174,empleado0174@example.com
Empleado Prueba 0175,empleado0175@example.com
Empleado Prueba 0176,empleado0176@example.com
Empleado Prueba 0177,empleado0177@example.com
Empleado Prueba 0178,empleado0178@example.com
Empleado Prueba 0179,empleado0179@example.com
Empleado Prueba 0180,empleado0180@example.com
Empleado Prueba 0181,empleado0181@example.com
Empleado Prueba 0182,empleado0182@example.com
Empleado Prueba 0183,empleado0183@example.com
Empleado Prueba 0184,empleado0184@example.com
Empleado Prueba 0185,empleado0185@example.com
Empleado Prueba 0186,empleado0186@example.com
Empleado Prueba 0187,empleado0187@example.com
Empleado Prueba 0188,empleado0188@example.com
Empleado Prueba 0189,empleado0189@example.com
Empleado Prueba 0190,empleado0190@example.com
Empleado Prueba 0191,empleado0191@example.com
Empleado Prueba 0192,empleado0192@example.com
Empleado Prueba 0193,empleado0193@example.com
Empleado Prueba 0194,empleado0194@example.com
Empleado Prueba 0195,empleado0195@example.com
Empleado Prueba 0196,empleado0196@example.com
Empleado Prueba 0197,empleado0197@example.com
Empleado Prueba 0198,empleado0198@example.com
Empleado Prueba 0199,empleado0199@example.com
Empleado Prueba 0200,empleado0200@example.com
Empleado Prueba 0201,empleado0201@example.com
Empleado Prueba 0202,empleado0202@example.com
Empleado Prueba 0203,empleado0203@example.com
Empleado Prueba 0204,empleado0204@example.com
Empleado Prueba 0205,empleado0205@example.com
Empleado Prueba 0206,empleado0206@example.com
Empleado Prueba 0207,empleado0207@example.com
Empleado Prueba 0208,empleado0208@example.com
Empleado Prueba 0209,empleado0209@example.com
Empleado Prueba 0210,empleado0210@example.com
Empleado Prueba 0211,empleado0211@example.com
Empleado Prueba 0212,empleado0212@example.com
Empleado Prueba 0213,empleado0213@example.com
Empleado Prueba 0214,empleado0214@example.com
Empleado Prueba 0215,empleado0215@example.com
Empleado Prueba 0216,empleado0216@example.com
Empleado Prueba 0217,empleado0217@example.com
Empleado Prueba 0218,empleado0218@example.com
Empleado Prueba 0219,empleado0219@example.com
Empleado Prueba 0220,empleado0220@example.com
Empleado Prueba 0221,empleado0221@example.com
Empleado Prueba 0222,empleado0222@example.com
Empleado Prueba 0223,empleado0223@example.com
Empleado Prueba 0224,empleado0224@example.com
Empleado Prueba 0225,empleado0225@example.com
Empleado Prueba 0226,empleado0226@example.com
Empleado Prueba 0227,empleado0227@example.com
Empleado Prueba 0228,empleado0228@example.com
Empleado Prueba 0229,empleado0229@example.com
Empleado Prueba 0230,empleado0230@example.com
Empleado Prueba 0231,empleado0231@example.com
Empleado Prueba 0232,empleado0232@example.com
Empleado Prueba 0233,empleado0233@example.com
Empleado Prueba 0234,empleado0234@example.com
Empleado Prueba 0235,empleado0235@example.com
Empleado Prueba 0236,empleado0236@example.com
Empleado Prueba 0237,empleado0237@example.com
Empleado Prueba 0238,empleado0238@example.com
Empleado Prueba 0239,empleado0239@example.com
Empleado Prueba 0240,empleado0240@example.com
Empleado Prueba 0241,empleado0241@example.com
Empleado Prueba 0242,empleado0242@example.com
Empleado Prueba 0243,empleado0243@example.com
Empleado Prueba 0244,empleado0244@example.com
Empleado Prueba 0245,empleado0245@example.com
Empleado Prueba 0246,empleado0246@example.com
Empleado Prueba 0247,empleado0247@example.com
Empleado Prueba 0248,empleado0248@example.com
Empleado Prueba 0249,empleado0249@example.com
Empleado Prueba 0250,empleado0250@example.com
Empleado Prueba 0251,empleado0251@example.com
Empleado Prueba 0252,empleado0252@example.com
Empleado Prueba 0253,empleado0253@example.com
Empleado Prueba 0254,empleado0254@example.com
Empleado Prueba 0255,empleado0255@example.com
Empleado Prueba 0256,empleado0256@example.com
Empleado Prueba 0257,empleado0257@example.com
Empleado Prueba 0258,empleado0258@example.com
Empleado Prueba 0259,empleado0259@example.com
Empleado Prueba 0260,empleado0260@example.com
Empleado Prueba 0261,empleado0261@example.com
Empleado Prueba 0262,empleado0262@example.com
Empleado Prueba 0263,empleado0263@example.com
Empleado Prueba 0264,empleado0264@example.com
Empleado Prueba 0265,empleado0265@example.com
Empleado Prueba 0266,empleado0266@example.com
Empleado Prueba 0267,empleado0267@example.com
Empleado Prueba 0268,empleado0268@example.com
Empleado Prueba 0269,empleado0269@example.com
Empleado Prueba 0270,empleado0270@example.com
Empleado Prueba 0271,empleado0271@example.com
Empleado Prueba 0272,empleado0272@example.com
Empleado Prueba 0273,empleado0273@example.com
Empleado Prueba 0274,empleado0274@example.com
Empleado Prueba 0275,empleado0275@example.com
Empleado Prueba 0276,empleado0276@example.com
Empleado Prueba 0277,empleado0277@example.com
Empleado Prueba 0278,empleado0278@example.com
Empleado Prueba 0279,empleado0279@example.com
Empleado Prueba 0280,empleado0280@example.com
Empleado Prueba 0281,empleado0281@example.com
Empleado Prueba 0282,empleado0282@example.com
Empleado Prueba 0283,empleado0283@example.com
Empleado Prueba 0284,empleado0284@example.com
Empleado Prueba 0285,empleado0285@example.com
Empleado Prueba 0286,empleado0286@example.com
Empleado Prueba 0287,empleado0287@example.com
Empleado Prueba 0288,empleado0288@example.com
Empleado Prueba 0289,empleado0289@example.com
Empleado Prueba 0290,empleado0290@example.com
Empleado Prueba 0291,empleado0291@example.com
Empleado Prueba 0292,empleado0292@example.com
Empleado Prueba 0293,empleado0293@example.com
Empleado Prueba 0294,empleado0294@example.com
Empleado Prueba 0295,empleado0295@example.com
Empleado Prueba 0296,empleado0296@example.com
Empleado Prueba 0297,empleado0297@example.com
Empleado Prueba 0298,empleado0298@example.com
Empleado Prueba 0299,empleado0299@example.com
Empleado Prueba 0300,empleado0300@example.com
Empleado Prueba 0301,empleado0301@example.com
Empleado Prueba 0302,empleado0302@example.com
Empleado Prueba 0303,empleado0303@example.com
Empleado Prueba 0304,empleado0304@example.com
Empleado Prueba 0305,empleado0305@example.com
Empleado Prueba 0306,empleado0306@example.com
Empleado Prueba 0307,empleado0307@example.com
Empleado Prueba 0308,empleado0308@example.com
Empleado Prueba 0309,empleado0309@example.com
Empleado Prueba 0310,empleado0310@example.com
Empleado Prueba 0311,empleado0311@example.com
Empleado Prueba 0312,empleado0312@example.com
Empleado Prueba 0313,empleado0313@example.com
Empleado Prueba 0314,empleado0314@example.com
Empleado Prueba 0315,empleado0315@example.com
Empleado Prueba 0316,empleado0316@example.com
Empleado Prueba 0317,empleado0317@example.com
Empleado Prueba 0318,empleado0318@example.com
Empleado Prueba 0319,empleado0319@example.com
Empleado Prueba 0320,empleado0320@example.com
Empleado Prueba 0321,empleado0321@example.com
Empleado Prueba 0322,empleado0322@example.com
Empleado Prueba 0323,empleado0323@example.com
Empleado Prueba 0324,empleado0324@example.com
Empleado Prueba 0325,empleado0325@example.com
Empleado Prueba 0326,empleado0326@example.com
Empleado Prueba 0327,empleado0327@example.com
Empleado Prueba 0328,empleado0328@example.com
Empleado Prueba 0329,empleado0329@example.com
Empleado Prueba 0330,empleado0330@example.com
Empleado Prueba 0331,empleado0331@example.com
Empleado Prueba 0332,empleado0332@example.com
Empleado Prueba 0333,empleado0333@example.com
Empleado Prueba 0334,empleado0334@example.com
Empleado Prueba 0335,empleado0335@example.com
Empleado Prueba 0336,empleado0336@example.com
Empleado Prueba 0337,empleado0337@example.com
Empleado Prueba 0338,empleado0338@example.com
Empleado Prueba 0339,empleado0339@example.com
Empleado Prueba 0340,empleado0340@example.com
Empleado Prueba 0341,empleado0341@example.com
Empleado Prueba 0342,empleado0342@example.com
Empleado Prueba 0343,empleado0343@example.com
Empleado Prueba 0344,empleado0344@example.com
Empleado Prueba 0345,empleado0345@example.com
Empleado Prueba 0346,empleado0346@example.com
Empleado Prueba 0347,empleado0347@example.com
Empleado Prueba 0348,empleado0348@example.com
Empleado Prueba 0349,empleado0349@example.com
Empleado Prueba 0350,empleado0350@example.com
Empleado Prueba 0351,empleado0351@example.com
Empleado Prueba 0352,empleado0352@example.com
Empleado Prueba 0353,empleado0353@example.com
Empleado Prueba 0354,empleado0354@example.com
Empleado Prueba 0355,empleado0355@example.com
Empleado Prueba 0356,empleado0356@example.com
Empleado Prueba 0357,empleado0357@example.com
Empleado Prueba 0358,empleado0358@example.com
Empleado Prueba 0359,empleado0359@example.com
Empleado Prueba 0360,empleado0360@example.com
Empleado Prueba 0361,empleado0361@example.com
Empleado Prueba 0362,empleado0362@example.com
Empleado Prueba 0363,empleado0363@example.com
Empleado Prueba 0364,empleado0364@example.com
Empleado Prueba 0365,empleado0365@example.com
Empleado Prueba 0366,empleado0366@example.com
Empleado Prueba 0367,empleado0367@example.com
Empleado Prueba 0368,empleado0368@example.com
Empleado Prueba 0369,empleado0369@example.com
Empleado Prueba 0370,empleado0370@example.com
Empleado Prueba 0371,empleado0371@example.com
Empleado Prueba 0372,empleado0372@example.com
Empleado Prueba 0373,empleado0373@example.com
Empleado Prueba 0374,empleado0374@example.com
Empleado Prueba 0375,empleado0375@example.com
Empleado Prueba 0376,empleado0376@example.com
Empleado Prueba 0377,empleado0377@example.com
Empleado Prueba 0378,empleado0378@example.com
Empleado Prueba 0379,empleado0379@example.com
Empleado Prueba 0380,empleado0380@example.com
Empleado Prueba 0381,empleado0381@example.com
Empleado Prueba 0382,empleado0382@example.com
Empleado Prueba 0383,empleado0383@example.com
Empleado Prueba 0384,empleado0384@example.com
Empleado Prueba 0385,empleado0385@example.com
Empleado Prueba 0386,empleado0386@example.com
Empleado Prueba 0387,empleado0387@example.com
Empleado Prueba 0388,empleado0388@example.com
Empleado Prueba 0389,empleado0389@example.com
Empleado Prueba 0390,empleado0390@example.com
Empleado Prueba 0391,empleado0391@example.com
Empleado Prueba 0392,empleado0392@example.com
Empleado Prueba 0393,empleado0393@example.com
Empleado Prueba 0394,empleado0394@example.com
Empleado Prueba 0395,empleado0395@example.com
Empleado Prueba 0396,empleado0396@example.com
Empleado Prueba 0397,empleado0397@example.com
Empleado Prueba 0398,empleado0398@example.com
Empleado Prueba 0399,empleado0399@example.com
Empleado Prueba 0400,empleado0400@example.com
Empleado Prueba 0401,empleado0401@example.com
Empleado Prueba 0402,empleado0402@example.com
Empleado Prueba 0403,empleado0403@example.com
Empleado Prueba 0404,empleado0404@example.com
Empleado Prueba 0405,empleado0405@example.com
Empleado Prueba 0406,empleado0406@example.com
Empleado Prueba 0407,empleado0407@example.com
Empleado Prueba 0408,empleado0408@example.com
Empleado Prueba 0409,empleado0409@example.com
Empleado Prueba 0410,empleado0410@example.com
Empleado Prueba 0411,empleado0411@example.com
Empleado Prueba 0412,empleado0412@example.com
Empleado Prueba 0413,empleado0413@example.com
Empleado Prueba 0414,empleado0414@example.com
Empleado Prueba 0415,empleado0415@example.com
Empleado Prueba 0416,empleado0416@example.com
Empleado Prueba 0417,empleado0417@example.com
Empleado Prueba 0418,empleado0418@example.com
Empleado Prueba 0419,empleado0419@example.com
Empleado Prueba 0420,empleado0420@example.com
Empleado Prueba 0421,empleado0421@example.com
Empleado Prueba 0422,empleado0422@example.com
Empleado Prueba 0423,empleado0423@example.com
Empleado Prueba 0424,empleado0424@example.com
Empleado Prueba 0425,empleado0425@example.com
Empleado Prueba 0426,empleado0426@example.com
Empleado Prueba 0427,empleado0427@example.com
Empleado Prueba 0428,empleado0428@example.com
Empleado Prueba 0429,empleado0429@example.com
Empleado Prueba 0430,empleado0430@example.com
Empleado Prueba 0431,empleado0431@example.com
Empleado Prueba 0432,empleado0432@example.com
Empleado Prueba 0433,empleado0433@example.com
Empleado Prueba 0434,empleado0434@example.com
Empleado Prueba 0435,empleado0435@example.com
Empleado Prueba 0436,empleado0436@example.com
Empleado Prueba 0437,empleado0437@example.com
Empleado Prueba 0438,empleado0438@example.com
Empleado Prueba 0439,empleado0439@example.com
Empleado Prueba 0440,empleado0440@example.com
Empleado Prueba 0441,empleado0441@example.com
Empleado Prueba 0442,empleado0442@example.com
Empleado Prueba 0443,empleado0443@example.com
Empleado Prueba 0444,empleado0444@example.com
Empleado Prueba 0445,empleado0445@example.com
Empleado Prueba 0446,empleado0446@example.com
Empleado Prueba 0447,empleado0447@example.com
Empleado Prueba 0448,empleado0448@example.com
Empleado Prueba 0449,empleado0449@example.com
Empleado Prueba 0450,empleado0450@example.com
Empleado Prueba 0451,empleado0451@example.com
Empleado Prueba 0452,empleado0452@example.com
Empleado Prueba 0453,empleado0453@example.com
Empleado Prueba 0454,empleado0454@example.com
Empleado Prueba 0455,empleado0455@example.com
Empleado Prueba 0456,empleado0456@example.com
Empleado Prueba 0457,empleado0457@example.com
Empleado Prueba 0458,empleado0458@example.com
Empleado Prueba 0459,empleado0459@example.com
Empleado Prueba 0460,empleado0460@example.com
Empleado Prueba 0461,empleado0461@example.com
Empleado Prueba 0462,empleado0462@example.com
Empleado Prueba 0463,empleado0463@example.com
Empleado Prueba 0464,empleado0464@example.com
Empleado Prueba 0465,empleado0465@example.com
Empleado Prueba 0466,empleado0466@example.com
Empleado Prueba 0467,empleado0467@example.com
Empleado Prueba 0468,empleado0468@example.com
Empleado Prueba 0469,empleado0469@example.com
Empleado Prueba 0470,empleado0470@example.com
Empleado Prueba 0471,empleado0471@example.com
Empleado Prueba 0472,empleado0472@example.com
Empleado Prueba 0473,empleado0473@example.com
Empleado Prueba 0474,empleado0474@example.com
Empleado Prueba 0475,empleado0475@example.com
Empleado Prueba 0476,empleado0476@example.com
Empleado Prueba 0477,empleado0477@example.com
Empleado Prueba 0478,empleado0478@example.com
Empleado Prueba 0479,empleado0479@example.com
Empleado Prueba 0480,empleado0480@example.com
Empleado Prueba 0481,empleado0481@example.com
Empleado Prueba 0482,empleado0482@example.com
Empleado Prueba 0483,empleado0483@example.com
Empleado Prueba 0484,empleado0484@example.com
Empleado Prueba 0485,empleado0485@example.com
Empleado Prueba 0486,empleado0486@example.com
Empleado Prueba 0487,empleado0487@example.com
Empleado Prueba 0488,empleado0488@example.com
Empleado Prueba 0489,empleado0489@example.com
Empleado Prueba 0490,empleado0490@example.com
Empleado Prueba 0491,empleado0491@example.com
Empleado Prueba 0492,empleado0492@example.com
Empleado Prueba 0493,empleado0493@example.com
Empleado Prueba 0494,empleado0494@example.com
Empleado Prueba 0495,empleado0495@example.com
Empleado Prueba 0496,empleado0496@example.com
Empleado Prueba 0497,empleado0497@example.com
Empleado Prueba 0498,empleado0498@example.com
Empleado Prueba 0499,empleado0499@example.com
Empleado Prueba 0500,empleado0500@example.com
Empleado Prueba 0501,empleado0501@example.com
Empleado Prueba 0502,empleado0502@example.com
Empleado Prueba 0503,empleado0503@example.com
Empleado Prueba 0504,empleado0504@example.com
Empleado Prueba 0505,empleado0505@example.com
Empleado Prueba 0506,empleado0506@example.com
Empleado Prueba 0507,empleado0507@example.com
Empleado Prueba 0508,empleado0508@example.com
Empleado Prueba 0509,empleado0509@example.com
Empleado Prueba 0510,empleado0510@example.com
Empleado Prueba 0511,empleado0511@example.com
Empleado Prueba 0512,empleado0512@example.com
Empleado Prueba 0513,empleado0513@example.com
Empleado Prueba 0514,empleado0514@example.com
Empleado Prueba 0515,empleado0515@example.com
Empleado Prueba 0516,empleado0516@example.com
Empleado Prueba 0517,empleado0517@example.com
Empleado Prueba 0518,empleado0518@example.com
Empleado Prueba 0519,empleado0519@example.com
Empleado Prueba 0520,empleado0520@example.com
Empleado Prueba 0521,empleado0521@example.com
Empleado Prueba 0522,empleado0522@example.com
Empleado Prueba 0523,empleado0523@example.com
Empleado Prueba 0524,empleado0524@example.com
Empleado Prueba 0525,empleado0525@example.com
Empleado Prueba 0526,empleado0526@example.com
Empleado Prueba 0527,empleado0527@example.com
Empleado Prueba 0528,empleado0528@example.com
Empleado Prueba 0529,empleado0529@example.com
Empleado Prueba 0530,empleado0530@example.com
Empleado Prueba 0531,empleado0531@example.com
Empleado Prueba 0532,empleado0532@example.com
Empleado Prueba 0533,empleado0533@example.com
Empleado Prueba 0534,empleado0534@example.com
Empleado Prueba 0535,empleado0535@example.com
Empleado Prueba 0536,empleado0536@example.com
Empleado Prueba 0537,empleado0537@example.com
Empleado Prueba 0538,empleado0538@example.com
Empleado Prueba 0539,empleado0539@example.com
Empleado Prueba 0540,empleado0540@example.com
Empleado Prueba 0541,empleado0541@example.com
Empleado Prueba 0542,empleado0542@example.com
Empleado Prueba 0543,empleado0543@example.com
Empleado Prueba 0544,empleado0544@example.com
Empleado Prueba 0545,empleado0545@example.com
Empleado Prueba 0546,empleado0546@example.com
Empleado Prueba 0547,empleado0547@example.com
Empleado Prueba 0548,empleado0548@example.com
Empleado Prueba 0549,empleado0549@example.com
Empleado Prueba 0550,empleado0550@example.com
Empleado Prueba 0551,empleado0551@example.com
Empleado Prueba 0552,empleado0552@example.com
Empleado Prueba 0553,empleado0553@example.com
Empleado Prueba 0554,empleado0554@example.com
Empleado Prueba 0555,empleado0555@example.com
Empleado Prueba 0556,empleado0556@example.com
Empleado Prueba 0557,empleado0557@example.com
Empleado Prueba 0558,empleado0558@example.com
Empleado Prueba 0559,empleado0559@example.com
Empleado Prueba 0560,empleado0560@example.com
Empleado Prueba 0561,empleado0561@example.com
Empleado Prueba 0562,empleado0562@example.com
Empleado Prueba 0563,empleado0563@example.com
Empleado Prueba 0564,empleado0564@example.com
Empleado Prueba 0565,empleado0565@example.com
Empleado Prueba 0566,empleado0566@example.com
Empleado Prueba 0567,empleado0567@example.com
Empleado Prueba 0568,empleado0568@example.com
Empleado Prueba 0569,empleado0569@example.com
Empleado Prueba 0570,empleado0570@example.com
Empleado Prueba 0571,empleado0571@example.com
Empleado Prueba 0572,empleado0572@example.com
Empleado Prueba 0573,empleado0573@example.com
Empleado Prueba 0574,empleado0574@example.com
Empleado Prueba 0575,empleado0575@example.com
Empleado Prueba 0576,empleado0576@example.com
Empleado Prueba 0577,empleado0577@example.com
Empleado Prueba 0578,empleado0578@example.com
Empleado Prueba 0579,empleado0579@example.com
Empleado Prueba 0580,empleado0580@example.com
Empleado Prueba 0581,empleado0581@example.com
Empleado Prueba 0582,empleado0582@example.com
Empleado Prueba 0583,empleado0583@example.com
Empleado Prueba 0584,empleado0584@example.com
Empleado Prueba 0585,empleado0585@example.com
Empleado Prueba 0586,empleado0586@example.com
Empleado Prueba 0587,empleado0587@example.com
Empleado Prueba 0588,empleado0588@example.com
Empleado Prueba 0589,empleado0589@example.com
Empleado Prueba 0590,empleado0590@example.com
Empleado Prueba 0591,empleado0591@example.com
Empleado Prueba 0592,empleado0592@example.com
Empleado Prueba 0593,empleado0593@example.com
Empleado Prueba 0594,empleado0594@example.com
Empleado Prueba 0595,empleado0595@example.com
Empleado Prueba 0596,empleado0596@example.com
Empleado Prueba 0597,empleado0597@example.com
Empleado Prueba 0598,empleado0598@example.com
Empleado Prueba 0599,empleado0599@example.com
Empleado Prueba 0600,empleado0600@example.com
Empleado Prueba 0601,empleado0601@example.com
Empleado Prueba 0602,empleado0602@example.com
Empleado Prueba 0603,empleado0603@example.com
Empleado Prueba 0604,empleado0604@example.com
Empleado Prueba 0605,empleado0605@example.com
Empleado Prueba 0606,empleado0606@example.com
Empleado Prueba 0607,empleado0607@example.com
Empleado Prueba 0608,empleado0608@example.com
Empleado Prueba 0609,empleado0609@example.com
Empleado Prueba 0610,empleado0610@example.com
Empleado Prueba 0611,empleado0611@example.com
Empleado Prueba 0612,empleado0612@example.com
Empleado Prueba 0613,empleado0613@example.com
Empleado Prueba 0614,empleado0614@example.com
Empleado Prueba 0615,empleado0615@example.com
Empleado Prueba 0616,empleado0616@example.com
Empleado Prueba 0617,empleado0617@example.com
Empleado Prueba 0618,empleado0618@example.com
Empleado Prueba 0619,empleado0619@example.com
Empleado Prueba 0620,empleado0620@example.com
Empleado Prueba 0621,empleado0621@example.com
Empleado Prueba 0622,empleado0622@example.com
Empleado Prueba 0623,empleado0623@example.com
Empleado Prueba 0624,empleado0624@example.com
Empleado Prueba 0625,empleado0625@example.com
Empleado Prueba 0626,empleado0626@example.com
Empleado Prueba 0627,empleado0627@example.com
Empleado Prueba 0628,empleado0628@example.com
Empleado Prueba 0629,empleado0629@example.com
Empleado Prueba 0630,empleado0630@example.com
Empleado Prueba 0631,empleado0631@example.com
Empleado Prueba 0632,empleado0632@example.com
Empleado Prueba 0633,empleado0633@example.com
Empleado Prueba 0634,empleado0634@example.com
Empleado Prueba 0635,empleado0635@example.com
Empleado Prueba 0636,empleado0636@example.com
Empleado Prueba 0637,empleado0637@example.com
Empleado Prueba 0638,empleado0638@example.com
Empleado Prueba 0639,empleado0639@example.com
Empleado Prueba 0640,empleado0640@example.com
Empleado Prueba 0641,empleado0641@example.com
Empleado Prueba 0642,empleado0642@example.com
Empleado Prueba 0643,empleado0643@example.com
Empleado Prueba 0644,empleado0644@example.com
Empleado Prueba 0645,empleado0645@example.com
Empleado Prueba 0646,empleado0646@example.com
Empleado Prueba 0647,empleado0647@example.com
Empleado Prueba 0648,empleado0648@example.com
Empleado Prueba 0649,empleado0649@example.com
Empleado Prueba 0650,empleado0650@example.com
Empleado Prueba 0651,empleado0651@example.com
Empleado Prueba 0652,empleado0652@example.com
Empleado Prueba 0653,empleado0653@example.com
Empleado Prueba 0654,empleado0654@example.com
Empleado Prueba 0655,empleado0655@example.com
Empleado Prueba 0656,empleado0656@example.com
Empleado Prueba 0657,empleado0657@example.com
Empleado Prueba 0658,empleado0658@example.com
Empleado Prueba 0659,empleado0659@example.com
Empleado Prueba 0660,empleado0660@example.com
Empleado Prueba 0661,empleado0661@example.com
Empleado Prueba 0662,empleado0662@example.com
Empleado Prueba 0663,empleado0663@example.com
Empleado Prueba 0664,empleado0664@example.com
Empleado Prueba 0665,empleado0665@example.com
Empleado Prueba 0666,empleado0666@example.com
Empleado Prueba 0667,empleado0667@example.com
Empleado Prueba 0668,empleado0668@example.com
Empleado Prueba 0669,empleado0669@example.com
Empleado Prueba 0670,empleado0670@example.com
Empleado Prueba 0671,empleado0671@example.com
Empleado Prueba 0672,empleado0672@example.com
Empleado Prueba 0673,empleado0673@example.com
Empleado Prueba 0674,empleado0674@example.com
Empleado Prueba 0675,empleado0675@example.com
Empleado Prueba 0676,empleado0676@example.com
Empleado Prueba 0677,empleado0677@example.com
Empleado Prueba 0678,empleado0678@example.com
Empleado Prueba 0679,empleado0679@example.com
Empleado Prueba 0680,empleado0680@example.com
Empleado Prueba 0681,empleado0681@example.com
Empleado Prueba 0682,empleado0682@example.com
Empleado Prueba 0683,empleado0683@example.com
Empleado Prueba 0684,empleado0684@example.com
Empleado Prueba 0685,empleado0685@example.com
Empleado Prueba 0686,empleado0686@example.com
Empleado Prueba 0687,empleado0687@example.com
Empleado Prueba 0688,empleado0688@example.com
Empleado Prueba 0689,empleado0689@example.com
Empleado Prueba 0690,empleado0690@example.com
Empleado Prueba 0691,empleado0691@example.com
Empleado Prueba 0692,empleado0692@example.com
Empleado Prueba 0693,empleado0693@example.com
Empleado Prueba 0694,empleado0694@example.com
Empleado Prueba 0695,empleado0695@example.com
Empleado Prueba 0696,empleado0696@example.com
Empleado Prueba 0697,empleado0697@example.com
Empleado Prueba 0698,empleado0698@example.com
Empleado Prueba 0699,empleado0699@example.com
Empleado Prueba 0700,empleado0700@example.com
Empleado Prueba 0701,empleado0701@example.com
Empleado Prueba 0702,empleado0702@example.com
Empleado Prueba 0703,empleado0703@example.com
Empleado Prueba 0704,empleado0704@example.com
Empleado Prueba 0705,empleado0705@example.com
Empleado Prueba 0706,empleado0706@example.com
Empleado Prueba 0707,empleado0707@example.com
Empleado Prueba 0708,empleado0708@example.com
Empleado Prueba 0709,empleado0709@example.com
Empleado Prueba 0710,empleado0710@example.com
Empleado Prueba 0711,empleado0711@example.com
Empleado Prueba 0712,empleado0712@example.com
Empleado Prueba 0713,empleado0713@example.com
Empleado Prueba 0714,empleado0714@example.com
Empleado Prueba 0715,empleado0715@example.com
Empleado Prueba 0716,empleado0716@example.com
Empleado Prueba 0717,empleado0717@example.com
Empleado Prueba 0718,empleado0718@example.com
Empleado Prueba 0719,empleado0719@example.com
Empleado Prueba 0720,empleado0720@example.com
Empleado Prueba 0721,empleado0721@example.com
Empleado Prueba 0722,empleado0722@example.com
Empleado Prueba 0723,empleado0723@example.com
Empleado Prueba 0724,empleado0724@example.com
Empleado Prueba 0725,empleado0725@example.com
Empleado Prueba 0726,empleado0726@example.com
Empleado Prueba 0727,empleado0727@example.com
Empleado Prueba 0728,empleado0728@example.com
Empleado Prueba 0729,empleado0729@example.com
Empleado Prueba 0730,empleado0730@example.com
Empleado Prueba 0731,empleado0731@example.com
Empleado Prueba 0732,empleado0732@example.com
Empleado Prueba 0733,empleado0733@example.com
Empleado Prueba 0734,empleado0734@example.com
Empleado Prueba 0735,empleado0735@example.com
Empleado Prueba 0736,empleado0736@example.com
Empleado Prueba 0737,empleado0737@example.com
Empleado Prueba 0738,empleado0738@example.com
Empleado Prueba 0739,empleado0739@example.com
Empleado Prueba 0740,empleado0740@example.com
Empleado Prueba 0741,empleado0741@example.com
Empleado Prueba 0742,empleado0742@example.com
Empleado Prueba 0743,empleado0743@example.com
Empleado Prueba 0744,empleado0744@example.com
Empleado Prueba 0745,empleado0745@example.com
Empleado Prueba 0746,empleado0746@example.com
Empleado Prueba 0747,empleado0747@example.com
Empleado Prueba 0748,empleado0748@example.com
Empleado Prueba 0749,empleado0749@example.com
Empleado Prueba 0750,empleado0750@example.com
Empleado Prueba 0751,empleado0751@example.com
Empleado Prueba 0752,empleado0752@example.com
Empleado Prueba 0753,empleado0753@example.com
Empleado Prueba 0754,empleado0754@example.com
Empleado Prueba 0755,empleado0755@example.com
Empleado Prueba 0756,empleado0756@example.com
Empleado Prueba 0757,empleado0757@example.com
Empleado Prueba 0758,empleado0758@example.com
Empleado Prueba 0759,empleado0759@example.com
Empleado Prueba 0760,empleado0760@example.com
Empleado Prueba 0761,empleado0761@example.com
Empleado Prueba 0762,empleado0762@example.com
Empleado Prueba 0763,empleado0763@example.com
Empleado Prueba 0764,empleado0764@example.com
Empleado Prueba 0765,empleado0765@example.com
Empleado Prueba 0766,empleado0766@example.com
Empleado Prueba 0767,empleado0767@example.com
Empleado Prueba 0768,empleado0768@example.com
Empleado Prueba 0769,empleado0769@example.com
Empleado Prueba 0770,empleado0770@example.com
Empleado Prueba 0771,empleado0771@example.com
Empleado Prueba 0772,empleado0772@example.com
Empleado Prueba 0773,empleado0773@example.com
Empleado Prueba 0774,empleado0774@example.com
Empleado Prueba 0775,empleado0775@example.com
Empleado Prueba 0776,empleado0776@example.com
Empleado Prueba 0777,empleado0777@example.com
Empleado Prueba 0778,empleado0778@example.com
Empleado Prueba 0779,empleado0779@example.com
Empleado Prueba 0780,empleado0780@example.com
Empleado Prueba 0781,empleado0781@example.com
Empleado Prueba 0782,empleado0782@example.com
Empleado Prueba 0783,empleado0783@example.com
Empleado Prueba 0784,empleado0784@example.com
Empleado Prueba 0785,empleado0785@example.com
Empleado Prueba 0786,empleado0786@example.com
Empleado Prueba 0787,empleado0787@example.com
Empleado Prueba 0788,empleado0788@example.com
Empleado Prueba 0789,empleado0789@example.com
Empleado Prueba 0790,empleado0790@example.com
Empleado Prueba 0791,empleado0791@example.com
Empleado Prueba 0792,empleado0792@example.com
Empleado Prueba 0793,empleado0793@example.com
Empleado Prueba 0794,empleado0794@example.com
Empleado Prueba 0795,empleado0795@example.com
Empleado Prueba 0796,empleado0796@example.com
Empleado Prueba 0797,empleado0797@example.com
Empleado Prueba 0798,empleado0798@example.com
Empleado Prueba 0799,empleado0799@example.com
Empleado Prueba 0800,empleado0800@example.com
Empleado Prueba 0801,empleado0801@example.com
Empleado Prueba 0802,empleado0802@example.com
Empleado Prueba 0803,empleado0803@example.com
Empleado Prueba 0804,empleado0804@example.com
Empleado Prueba 0805,empleado0805@example.com
Empleado Prueba 0806,empleado0806@example.com
Empleado Prueba 0807,empleado0807@example.com
Empleado Prueba 0808,empleado0808@example.com
Empleado Prueba 0809,empleado0809@example.com
Empleado Prueba 0810,empleado0810@example.com
Empleado Prueba 0811,empleado0811@example.com
Empleado Prueba 0812,empleado0812@example.com
Empleado Prueba 0813,empleado0813@example.com
Empleado Prueba 0814,empleado0814@example.com
Empleado Prueba 0815,empleado0815@example.com
Empleado Prueba 0816,empleado0816@example.com
Empleado Prueba 0817,empleado0817@example.com
Empleado Prueba 0818,empleado0818@example.com
Empleado Prueba 0819,empleado0819@example.com
Empleado Prueba 0820,empleado0820@example.com
Empleado Prueba 0821,empleado0821@example.com
Empleado Prueba 0822,empleado0822@example.com
Empleado Prueba 0823,empleado0823@example.com
Empleado Prueba 0824,empleado0824@example.com
Empleado Prueba 0825,empleado0825@example.com
Empleado Prueba 0826,empleado0826@example.com
Empleado Prueba 0827,empleado0827@example.com
Empleado Prueba 0828,empleado0828@example.com
Empleado Prueba 0829,empleado0829@example.com
Empleado Prueba 0830,empleado0830@example.com
Empleado Prueba 0831,empleado0831@example.com
Empleado Prueba 0832,empleado0832@example.com
Empleado Prueba 0833,empleado0833@example.com
Empleado Prueba 0834,empleado0834@example.com
Empleado Prueba 0835,empleado0835@example.com
Empleado Prueba 0836,empleado0836@example.com
Empleado Prueba 0837,empleado0837@example.com
Empleado Prueba 0838,empleado0838@example.com
Empleado Prueba 0839,empleado0839@example.com
Empleado Prueba 0840,empleado0840@example.com
Empleado Prueba 0841,empleado0841@example.com
Empleado Prueba 0842,empleado0842@example.com
Empleado Prueba 0843,empleado0843@example.com
Empleado Prueba 0844,empleado0844@example.com
Empleado Prueba 0845,empleado0845@example.com
Empleado Prueba 0846,empleado0846@example.com
Empleado Prueba 0847,empleado0847@example.com
Empleado Prueba 0848,empleado0848@example.com
Empleado Prueba 0849,empleado0849@example.com
Empleado Prueba 0850,empleado0850@example.com
Empleado Prueba 0851,empleado0851@example.com
Empleado Prueba 0852,empleado0852@example.com
Empleado Prueba 0853,empleado0853@example.com
Empleado Prueba 0854,empleado0854@example.com
Empleado Prueba 0855,empleado0855@example.com
Empleado Prueba 0856,empleado0856@example.com
Empleado Prueba 0857,empleado0857@example.com
Empleado Prueba 0858,empleado0858@example.com
Empleado Prueba 0859,empleado0859@example.com
Empleado Prueba 0860,empleado0860@example.com
Empleado Prueba 0861,empleado0861@example.com
Empleado Prueba 0862,empleado0862@example.com
Empleado Prueba 0863,empleado0863@example.com
Empleado Prueba 0864,empleado0864@example.com
Empleado Prueba 0865,empleado0865@example.com
Empleado Prueba 0866,empleado0866@example.com
Empleado Prueba 0867,empleado0867@example.com
Empleado Prueba 0868,empleado0868@example.com
Empleado Prueba 0869,empleado0869@example.com
Empleado Prueba 0870,empleado0870@example.com
Empleado Prueba 0871,empleado0871@example.com
Empleado Prueba 0872,empleado0872@example.com
Empleado Prueba 0873,empleado0873@example.com
Empleado Prueba 0874,empleado0874@example.com
Empleado Prueba 0875,empleado0875@example.com
Empleado Prueba 0876,empleado0876@example.com
Empleado Prueba 0877,empleado0877@example.com
Empleado Prueba 0878,empleado0878@example.com
Empleado Prueba 0879,empleado0879@example.com
Empleado Prueba 0880,empleado0880@example.com
Empleado Prueba 0881,empleado0881@example.com
Empleado Prueba 0882,empleado0882@example.com
Empleado Prueba 0883,empleado0883@example.com
Empleado Prueba 0884,empleado0884@example.com
Empleado Prueba 0885,empleado0885@example.com
Empleado Prueba 0886,empleado0886@example.com
Empleado Prueba 0887,empleado0887@example.com
Empleado Prueba 0888,empleado0888@example.com
Empleado Prueba 0889,empleado0889@example.com
Empleado Prueba 0890,empleado0890@example.com
Empleado Prueba 0891,empleado0891@example.com
Empleado Prueba 0892,empleado0892@example.com
Empleado Prueba 0893,empleado0893@example.com
Empleado Prueba 0894,empleado0894@example.com
Empleado Prueba 0895,empleado0895@example.com
Empleado Prueba 0896,empleado0896@example.com
Empleado Prueba 0897,empleado0897@example.com
Empleado Prueba 0898,empleado0898@example.com
Empleado Prueba 0899,empleado0899@example.com
Empleado Prueba 0900,empleado0900@example.com
Empleado Prueba 0901,empleado0901@example.com
Empleado Prueba 0902,empleado0902@example.com
Empleado Prueba 0903,empleado0903@example.com
Empleado Prueba 0904,empleado0904@example.com
Empleado Prueba 0905,empleado0905@example.com
Empleado Prueba 0906,empleado0906@example.com
Empleado Prueba 0907,empleado0907@example.com
Empleado Prueba 0908,empleado0908@example.com
Empleado Prueba 0909,empleado0909@example.com
Empleado Prueba 0910,empleado0910@example.com
Empleado Prueba 0911,empleado0911@example.com
Empleado Prueba 0912,empleado0912@example.com
Empleado Prueba 0913,empleado0913@example.com
Empleado Prueba 0914,empleado0914@example.com
Empleado Prueba 0915,empleado0915@example.com
Empleado Prueba 0916,empleado0916@example.com
Empleado Prueba 0917,empleado0917@example.com
Empleado Prueba 0918,empleado0918@example.com
Empleado Prueba 0919,empleado0919@example.com
Empleado Prueba 0920,empleado0920@example.com
Empleado Prueba 0921,empleado0921@example.com
Empleado Prueba 0922,empleado0922@example.com
Empleado Prueba 0923,empleado0923@example.com
Empleado Prueba 0924,empleado0924@example.com
Empleado Prueba 0925,empleado0925@example.com
Empleado Prueba 0926,empleado0926@example.com
Empleado Prueba 0927,empleado0927@example.com
Empleado Prueba 0928,empleado0928@example.com
Empleado Prueba 0929,empleado0929@example.com
Empleado Prueba 0930,empleado0930@example.com
Empleado Prueba 0931,empleado0931@example.com
Empleado Prueba 0932,empleado0932@example.com
Empleado Prueba 0933,empleado0933@example.com
Empleado Prueba 0934,empleado0934@example.com
Empleado Prueba 0935,empleado0935@example.com
Empleado Prueba 0936,empleado0936@example.com
Empleado Prueba 0937,empleado0937@example.com
Empleado Prueba 0938,empleado0938@example.com
Empleado Prueba 0939,empleado0939@example.com
Empleado Prueba 0940,empleado0940@example.com
Empleado Prueba 0941,empleado0941@example.com
Empleado Prueba 0942,empleado0942@example.com
Empleado Prueba 0943,empleado0943@example.com
Empleado Prueba 0944,empleado0944@example.com
Empleado Prueba 0945,empleado0945@example.com
Empleado Prueba 0946,empleado0946@example.com
Empleado Prueba 0947,empleado0947@example.com
Empleado Prueba 0948,empleado0948@example.com
Empleado Prueba 0949,empleado0949@example.com
Empleado Prueba 0950,empleado0950@example.com
Empleado Prueba 0951,empleado0951@example.com
Empleado Prueba 0952,empleado0952@example.com
Empleado Prueba 0953,empleado0953@example.com
Empleado Prueba 0954,empleado0954@example.com
Empleado Prueba 0955,empleado0955@example.com
Empleado Prueba 0956,empleado0956@example.com
Empleado Prueba 0957,empleado0957@example.com
Empleado Prueba 0958,empleado0958@example.com
Empleado Prueba 0959,empleado0959@example.com
Empleado Prueba 0960,empleado0960@example.com
Empleado Prueba 0961,empleado0961@example.com
Empleado Prueba 0962,empleado0962@example.com
Empleado Prueba 0963,empleado0963@example.com
Empleado Prueba 0964,empleado0964@example.com
Empleado Prueba 0965,empleado0965@example.com
Empleado Prueba 0966,empleado0966@example.com
Empleado Prueba 0967,empleado0967@example.com
Empleado Prueba 0968,empleado0968@example.com
Empleado Prueba 0969,empleado0969@example.com
Empleado Prueba 0970,empleado0970@example.com
Empleado Prueba 0971,empleado0971@example.com
Empleado Prueba 0972,empleado0972@example.com
Empleado Prueba 0973,empleado0973@example.com
Empleado Prueba 0974,empleado0974@example.com
Empleado Prueba 0975,empleado0975@example.com
Empleado Prueba 0976,empleado0976@example.com
Empleado Prueba 0977,empleado0977@example.com
Empleado Prueba 0978,empleado0978@example.com
Empleado Prueba 0979,empleado0979@example.com
Empleado Prueba 0980,empleado0980@example.com
Empleado Prueba 0981,empleado0981@example.com
Empleado Prueba 0982,empleado0982@example.com
Empleado Prueba 0983,empleado0983@example.com
Empleado Prueba 0984,empleado0984@example.com
Empleado Prueba 0985,empleado0985@example.com
Empleado Prueba 0986,empleado0986@example.com
Empleado Prueba 0987,empleado0987@example.com
Empleado Prueba 0988,empleado0988@example.com
Empleado Prueba 0989,empleado0989@example.com
Empleado Prueba 0990,empleado0990@example.com
Empleado Prueba 0991,empleado0991@example.com
Empleado Prueba 0992,empleado0992@example.com
Empleado Prueba 0993,empleado0993@example.com
Empleado Prueba 0994,empleado0994@example.com
Empleado Prueba 0995,empleado0995@example.com
Empleado Prueba 0996,empleado0996@example.com
Empleado Prueba 0997,empleado0997@example.com
Empleado Prueba 0998,empleado0998@example.com
Empleado Prueba 0999,empleado0999@example.com
Empleado Prueba 1000,empleado1000@example.com
